alpha,level,metric,mean,std
0.0,family,coverage,0.9997727989902176,0.0002726475323453
0.0,family,set_size_mean,4.540880403912906,0.5511459059243663
0.0,family,set_size_median,4.76,0.4763809143009448
0.0,family,empty_rate,0.0,0.0
0.0,family,singleton_rate,0.0204701798674658,0.038350998965532
0.0,family,top1_acc_non_empty,0.9543925528557904,0.0014843469474336
0.0,family,base_top1_acc,0.9543925528557904,0.0014843469474336
0.0,family,hir,0.4829189018617857,0.3551325273874592
0.0,major,coverage,0.9998453770905648,0.0003082104097553
0.0,major,set_size_mean,19.343695171978545,3.1646550188089555
0.0,major,set_size_median,19.54,3.124687739500982
0.0,major,empty_rate,0.0,0.0
0.0,major,singleton_rate,0.0004480908804038,0.0012823373467139
0.0,major,top1_acc_non_empty,0.8282865257178916,0.0032492392621583
0.0,major,base_top1_acc,0.8282865257178916,0.0032492392621583
0.0,major,hir,,
0.0,leaf,coverage,0.9999873777216788,8.925298594972259e-05
0.0,leaf,set_size_mean,53.973922372988326,0.1843966689720929
0.0,leaf,set_size_median,54.0,0.0
0.0,leaf,empty_rate,0.0,0.0
0.0,leaf,singleton_rate,3.1555695803000005e-06,2.231324648736118e-05
0.0,leaf,top1_acc_non_empty,0.7226853897128427,0.0034661305274381
0.0,leaf,base_top1_acc,0.7226853897128427,0.0034661305274381
0.0,leaf,hir,,
0.01,family,coverage,0.9903124013884504,0.0018388926704567
0.01,family,set_size_mean,1.2267655411801826,0.0073234913987265
0.01,family,set_size_median,1.0,0.0
0.01,family,empty_rate,0.0,0.0
0.01,family,singleton_rate,0.8124329441464181,0.0031188088105469
0.01,family,top1_acc_non_empty,0.9543925528557904,0.0014843469474336
0.01,family,base_top1_acc,0.9543925528557904,0.0014843469474336
0.01,family,hir,0.7954307352477119,0.0231006748374546
0.01,major,coverage,0.9897633322814764,0.0018533787779836
0.01,major,set_size_mean,2.389009151151783,0.0864152529973094
0.01,major,set_size_median,2.0,0.0
0.01,major,empty_rate,0.0,0.0
0.01,major,singleton_rate,0.4466740296623536,0.0222703887128078
0.01,major,top1_acc_non_empty,0.8282865257178916,0.0032492392621583
0.01,major,base_top1_acc,0.8282865257178916,0.0032492392621583
0.01,major,hir,,
0.01,leaf,coverage,0.9899274218996524,0.001812557337197
0.01,leaf,set_size_mean,6.066655096244873,0.5120337671483921
0.01,leaf,set_size_median,5.06,0.5499536158548617
0.01,leaf,empty_rate,0.0,0.0
0.01,leaf,singleton_rate,0.0558030924581882,0.0147088425682085
0.01,leaf,top1_acc_non_empty,0.7226853897128427,0.0034661305274381
0.01,leaf,base_top1_acc,0.7226853897128427,0.0034661305274381
0.01,leaf,hir,,
0.02,family,coverage,0.9806532029031236,0.002185752356546
0.02,family,set_size_mean,1.1281760807825807,0.0169473653989633
0.02,family,set_size_median,1.0,0.0
0.02,family,empty_rate,0.0,0.0
0.02,family,singleton_rate,0.8830735247712208,0.0164820483914821
0.02,family,top1_acc_non_empty,0.9543925528557904,0.0014843469474336
0.02,family,base_top1_acc,0.9543925528557904,0.0014843469474336
0.02,family,hir,0.6021836541495736,0.0173056441577433
0.02,major,coverage,0.9797286210160928,0.0024617405446136
0.02,major,set_size_mean,1.9187409277374563,0.0299176962643474
0.02,major,set_size_median,1.0,0.0
0.02,major,empty_rate,0.0,0.0
0.02,major,singleton_rate,0.570902492899968,0.0068184157835836
0.02,major,top1_acc_non_empty,0.8282865257178916,0.0032492392621583
0.02,major,base_top1_acc,0.8282865257178916,0.0032492392621583
0.02,major,hir,,
0.02,leaf,coverage,0.980066266961186,0.0019759587647281
0.02,leaf,set_size_mean,4.037431366361628,0.1129036573211651
0.02,leaf,set_size_median,3.0,0.0
0.02,leaf,empty_rate,0.0,0.0
0.02,leaf,singleton_rate,0.2481192805301353,0.0151656425195402
0.02,leaf,top1_acc_non_empty,0.7226853897128427,0.0034661305274381
0.02,leaf,base_top1_acc,0.7226853897128427,0.0034661305274381
0.02,leaf,hir,,
0.03,family,coverage,0.970271378983906,0.0027201493146861
0.03,family,set_size_mean,1.041688229725465,0.0046816913836279
0.03,family,set_size_median,1.0,0.0
0.03,family,empty_rate,0.0,0.0
0.03,family,singleton_rate,0.9588671505206688,0.0043766953553003
0.03,family,top1_acc_non_empty,0.9543925528557904,0.0014843469474336
0.03,family,base_top1_acc,0.9543925528557904,0.0014843469474336
0.03,family,hir,0.5090627958346478,0.0150866482528777
0.03,major,coverage,0.9702429788576836,0.0030786405948634
0.03,major,set_size_mean,1.7408804039129058,0.0245533096254398
0.03,major,set_size_median,1.0,0.0
0.03,major,empty_rate,0.0,0.0
0.03,major,singleton_rate,0.6089397286210159,0.0065629259936065
0.03,major,top1_acc_non_empty,0.8282865257178916,0.0032492392621583
0.03,major,base_top1_acc,0.8282865257178916,0.0032492392621583
0.03,major,hir,,
0.03,leaf,coverage,0.9697948879772794,0.0025232801018653
0.03,leaf,set_size_mean,3.345178289681288,0.0675396366335381
0.03,leaf,set_size_median,2.0,0.0
0.03,leaf,empty_rate,0.0,0.0
0.03,leaf,singleton_rate,0.3519753865572731,0.0102938815045982
0.03,leaf,top1_acc_non_empty,0.7226853897128427,0.0034661305274381
0.03,leaf,base_top1_acc,0.7226853897128427,0.0034661305274381
0.03,leaf,hir,,
0.04,family,coverage,0.9604796465762068,0.0027053824316635
0.04,family,set_size_mean,1.0155506468917637,0.0031509229639687
0.04,family,set_size_median,1.0,0.0
0.04,family,empty_rate,0.0001009782265696,0.0001452373772127
0.04,family,singleton_rate,0.9842473966550958,0.0029395817403082
0.04,family,top1_acc_non_empty,0.954476195903778,0.0014199387721063
0.04,family,base_top1_acc,0.9543925528557904,0.0014843469474336
0.04,family,hir,0.4431366361628269,0.0094827413433506
0.04,major,coverage,0.9607289365730513,0.0031788685912599
0.04,major,set_size_mean,1.6280119911644046,0.0147795199487089
0.04,major,set_size_median,1.0,0.0
0.04,major,empty_rate,0.0,0.0
0.04,major,singleton_rate,0.6474755443357522,0.0049041771037748
0.04,major,top1_acc_non_empty,0.8282865257178916,0.0032492392621583
0.04,major,base_top1_acc,0.8282865257178916,0.0032492392621583
0.04,major,hir,,
0.04,leaf,coverage,0.9602934679709684,0.0031829190063279
0.04,leaf,set_size_mean,2.9356390028400123,0.0491531718212452
0.04,leaf,set_size_median,2.0,0.0
0.04,leaf,empty_rate,0.0,0.0
0.04,leaf,singleton_rate,0.4024802776901226,0.0074371610719705
0.04,leaf,top1_acc_non_empty,0.7226853897128427,0.0034661305274381
0.04,leaf,base_top1_acc,0.7226853897128427,0.0034661305274381
0.04,leaf,hir,,
0.05,family,coverage,0.9503344903755124,0.0032354270216691
0.05,family,set_size_mean,0.9897854212685384,0.0039217680382529
0.05,family,set_size_median,1.0,0.0
0.05,family,empty_rate,0.0102871568318076,0.0037889636212368
0.05,family,singleton_rate,0.9896402650678444,0.003672755060071
0.05,family,top1_acc_non_empty,0.9602014893293298,0.0008497987483773
0.05,family,base_top1_acc,0.9543925528557904,0.0014843469474336
0.05,family,hir,0.3616408961817604,0.0131251939783325
0.05,major,coverage,0.950198800883559,0.0036238980113648
0.05,major,set_size_mean,1.5236604607131583,0.0179484888434776
0.05,major,set_size_median,1.0,0.0
0.05,major,empty_rate,0.0,0.0
0.05,major,singleton_rate,0.6984947933101922,0.0083920312007326
0.05,major,top1_acc_non_empty,0.8282865257178916,0.0032492392621583
0.05,major,base_top1_acc,0.8282865257178916,0.0032492392621583
0.05,major,hir,,
0.05,leaf,coverage,0.9502650678447456,0.0037405569065822
0.05,leaf,set_size_mean,2.63092458188703,0.0556332156967361
0.05,leaf,set_size_median,2.0,0.0
0.05,leaf,empty_rate,0.0,0.0
0.05,leaf,singleton_rate,0.4521016093404854,0.0098345331365982
0.05,leaf,top1_acc_non_empty,0.7226853897128427,0.0034661305274381
0.05,leaf,base_top1_acc,0.7226853897128427,0.0034661305274381
0.05,leaf,hir,,
0.075,family,coverage,0.9252193120858312,0.0039805486013976
0.075,family,set_size_mean,0.9470779425686332,0.0042148899489198
0.075,family,set_size_median,1.0,0.0
0.075,family,empty_rate,0.0529220574313659,0.0042148899489198
0.075,family,singleton_rate,0.9470779425686332,0.0042148899489198
0.075,family,top1_acc_non_empty,0.9769211116567912,0.0010612297557549
0.075,family,base_top1_acc,0.9543925528557904,0.0014843469474336
0.075,family,hir,0.3047775323445877,0.0060259627480342
0.075,major,coverage,0.9250299779110124,0.0051268329998896
0.075,major,set_size_mean,1.3449258441148624,0.0154855036241927
0.075,major,set_size_median,1.0,0.0
0.075,major,empty_rate,0.0,0.0
0.075,major,singleton_rate,0.7585863048280211,0.0049590431571968
0.075,major,top1_acc_non_empty,0.8282865257178916,0.0032492392621583
0.075,major,base_top1_acc,0.8282865257178916,0.0032492392621583
0.075,major,hir,,
0.075,leaf,coverage,0.9251909119596082,0.0043801484999182
0.075,leaf,set_size_mean,2.088744083307036,0.0475158529744369
0.075,leaf,set_size_median,1.0,0.0
0.075,leaf,empty_rate,5.04891132848e-05,7.43471239346451e-05
0.075,leaf,singleton_rate,0.5250236667718519,0.0044490813436909
0.075,leaf,top1_acc_non_empty,0.7227218279018974,0.003454896629611
0.075,leaf,base_top1_acc,0.7226853897128427,0.0034661305274381
0.075,leaf,hir,,
0.1,family,coverage,0.9021426317450296,0.0026053278445911
0.1,family,set_size_mean,0.917371410539602,0.0029253564197806
0.1,family,set_size_median,1.0,0.0
0.1,family,empty_rate,0.0826285894603971,0.0029253564197806
0.1,family,singleton_rate,0.917371410539602,0.0029253564197806
0.1,family,top1_acc_non_empty,0.9834011025320248,0.0011627605379328
0.1,family,base_top1_acc,0.9543925528557904,0.0014843469474336
0.1,family,hir,0.2696655096244868,0.0055476271160271
0.1,major,coverage,0.8997759545597975,0.0053131092132656
0.1,major,set_size_mean,1.2268822972546545,0.0090691464782827
0.1,major,set_size_median,1.0,0.0
0.1,major,empty_rate,0.0011801830230351,0.0004385016103974
0.1,major,singleton_rate,0.8096623540549065,0.0036430536986597
0.1,major,top1_acc_non_empty,0.8292458775008523,0.0031645833791534
0.1,major,base_top1_acc,0.8282865257178916,0.0032492392621583
0.1,major,hir,,
0.1,leaf,coverage,0.8998548437993054,0.0049322524701702
0.1,leaf,set_size_mean,1.7468318081413694,0.0312813060195687
0.1,leaf,set_size_median,1.0,0.0
0.1,leaf,empty_rate,0.0003376459450925,0.0001990914905734
0.1,leaf,singleton_rate,0.5760145156200689,0.0075383554380441
0.1,leaf,top1_acc_non_empty,0.7229293696936756,0.0034396070903091
0.1,leaf,base_top1_acc,0.7226853897128427,0.0034661305274381
0.1,leaf,hir,,
0.15,family,coverage,0.8575197223098766,0.0096499209294812
0.15,family,set_size_mean,0.8672041653518455,0.0098056920063833
0.15,family,set_size_median,1.0,0.0
0.15,family,empty_rate,0.1327958346481535,0.0098056920063833
0.15,family,singleton_rate,0.8672041653518455,0.0098056920063833
0.15,family,top1_acc_non_empty,0.9888336294972616,0.0009714752028587
0.15,family,base_top1_acc,0.9543925528557904,0.0014843469474336
0.15,family,hir,0.2750015777847897,0.0098966310812021
0.15,major,coverage,0.8501609340485953,0.0057027378593515
0.15,major,set_size_mean,1.0593783527926788,0.0106728006113275
0.15,major,set_size_median,1.0,0.0
0.15,major,empty_rate,0.0318807194698637,0.0061667964015988
0.15,major,singleton_rate,0.8770495424424105,0.0028840019719216
0.15,major,top1_acc_non_empty,0.8465745145598272,0.0023580993842977
0.15,major,base_top1_acc,0.8282865257178916,0.0032492392621583
0.15,major,hir,,
0.15,leaf,coverage,0.8504764910066263,0.0054452532443182
0.15,leaf,set_size_mean,1.3718649416219626,0.0133801526837702
0.15,leaf,set_size_median,1.0,0.0
0.15,leaf,empty_rate,0.003739349952666,0.0008949457555827
0.15,leaf,singleton_rate,0.6604260018933413,0.0059251159876339
0.15,leaf,top1_acc_non_empty,0.724699943274514,0.0032949271345616
0.15,leaf,base_top1_acc,0.7226853897128427,0.0034661305274381
0.15,leaf,hir,,
0.2,family,coverage,0.7998232881035022,0.0044292869608578
0.2,family,set_size_mean,0.8049479331019245,0.004678572659415
0.2,family,set_size_median,1.0,0.0
0.2,family,empty_rate,0.1950520668980746,0.004678572659415
0.2,family,singleton_rate,0.8049479331019245,0.004678572659415
0.2,family,top1_acc_non_empty,0.9936353691607758,0.0007568587503458
0.2,family,base_top1_acc,0.9543925528557904,0.0014843469474336
0.2,family,hir,0.3406595140422842,0.0049625671251836
0.2,major,coverage,0.8000788892395075,0.0062244294568333
0.2,major,set_size_mean,0.8943925528557901,0.0077787144680468
0.2,major,set_size_median,1.0,0.0
0.2,major,empty_rate,0.1105932470810976,0.0056074168651849
0.2,major,singleton_rate,0.884420952982013,0.0036764327214431
0.2,major,top1_acc_non_empty,0.8967267579734621,0.0015932739729287
0.2,major,base_top1_acc,0.8282865257178916,0.0032492392621583
0.2,major,hir,,
0.2,leaf,coverage,0.8022246765541177,0.0057237957556259
0.2,leaf,set_size_mean,1.179166929630798,0.0062015261996399
0.2,leaf,set_size_median,1.0,0.0
0.2,leaf,empty_rate,0.0343957084253702,0.0017073792421589
0.2,leaf,singleton_rate,0.758034080151467,0.0051306695008513
0.2,leaf,top1_acc_non_empty,0.7418372416881276,0.0035288103961081
0.2,leaf,base_top1_acc,0.7226853897128427,0.0034661305274381
0.2,leaf,hir,,
0.25,family,coverage,0.7496213316503624,0.0051288036140757
0.25,family,set_size_mean,0.7531271694540861,0.0052944447887115
0.25,family,set_size_median,1.0,0.0
0.25,family,empty_rate,0.2468728305459131,0.0052944447887116
0.25,family,singleton_rate,0.7531271694540861,0.0052944447887115
0.25,family,top1_acc_non_empty,0.9953464457233516,0.0006489459908979
0.25,family,base_top1_acc,0.9543925528557904,0.0014843469474336
0.25,family,hir,0.3863079835910377,0.0033583656019641
0.25,major,coverage,0.7500473335437041,0.0059154799837688
0.25,major,set_size_mean,0.8003534237929942,0.0060059753888877
0.25,major,set_size_median,1.0,0.0
0.25,major,empty_rate,0.1996465762070049,0.0060059753888877
0.25,major,singleton_rate,0.8003534237929942,0.0060059753888877
0.25,major,top1_acc_non_empty,0.9371445687500694,0.0020075735759129
0.25,major,base_top1_acc,0.8282865257178916,0.0032492392621583
0.25,major,hir,,
0.25,leaf,coverage,0.7503755127800563,0.0062933753519423
0.25,leaf,set_size_mean,1.0398769327863675,0.0095709878645439
0.25,leaf,set_size_median,1.0,0.0
0.25,leaf,empty_rate,0.1003976017671185,0.0046861547191784
0.25,leaf,singleton_rate,0.7623477437677498,0.0039171989480515
0.25,leaf,top1_acc_non_empty,0.7751008271428002,0.0026441871384785
0.25,leaf,base_top1_acc,0.7226853897128427,0.0034661305274381
0.25,leaf,hir,,
0.3,family,coverage,0.6996465762070051,0.0056358255635449
0.3,family,set_size_mean,0.7024992111076045,0.0057070765446025
0.3,family,set_size_median,1.0,0.0
0.3,family,empty_rate,0.2975007888923946,0.0057070765446025
0.3,family,singleton_rate,0.7024992111076045,0.0057070765446025
0.3,family,top1_acc_non_empty,0.99594003693163,0.0006135308754603
0.3,family,base_top1_acc,0.9543925528557904,0.0014843469474336
0.3,family,hir,0.3977690123067209,0.0038205310690076
0.3,major,coverage,0.7003187125276108,0.0059363891440813
0.3,major,set_size_mean,0.7204575575891445,0.0063107213558163
0.3,major,set_size_median,1.0,0.0
0.3,major,empty_rate,0.2795424424108547,0.0063107213558163
0.3,major,singleton_rate,0.7204575575891445,0.0063107213558163
0.3,major,top1_acc_non_empty,0.9720503081407248,0.0012851387357983
0.3,major,base_top1_acc,0.8282865257178916,0.0032492392621583
0.3,major,hir,,
0.3,leaf,coverage,0.700779425686336,0.0054813127657648
0.3,leaf,set_size_mean,0.8851940675291887,0.0085205005757357
0.3,leaf,set_size_median,1.0,0.0
0.3,leaf,empty_rate,0.185964026506784,0.0046694640295138
0.3,leaf,singleton_rate,0.7428810350268219,0.0028263647271994
0.3,leaf,top1_acc_non_empty,0.8235801359698917,0.0029540076401667
0.3,leaf,base_top1_acc,0.7226853897128427,0.0034661305274381
0.3,leaf,hir,,
0.35,family,coverage,0.6502966235405486,0.0056530467059606
0.35,family,set_size_mean,0.652290943515304,0.0057051293532579
0.35,family,set_size_median,1.0,0.0
0.35,family,empty_rate,0.347709056484695,0.0057051293532579
0.35,family,singleton_rate,0.652290943515304,0.0057051293532579
0.35,family,top1_acc_non_empty,0.9969431577102574,0.0004639866738907
0.35,family,base_top1_acc,0.9543925528557904,0.0014843469474336
0.35,family,hir,0.3580877248343322,0.0035345311649546
0.35,major,coverage,0.6523319659198482,0.0057283198195793
0.35,major,set_size_mean,0.6653770905648467,0.0056997009538272
0.35,major,set_size_median,1.0,0.0
0.35,major,empty_rate,0.3346229094351525,0.0056997009538272
0.35,major,singleton_rate,0.6653770905648467,0.0056997009538272
0.35,major,top1_acc_non_empty,0.9803935715706646,0.0013811933722996
0.35,major,base_top1_acc,0.8282865257178916,0.0032492392621583
0.35,major,hir,,
0.35,leaf,coverage,0.6500473335437041,0.0066503436967089
0.35,leaf,set_size_mean,0.7703408015146729,0.0078692634374262
0.35,leaf,set_size_median,1.0,0.0
0.35,leaf,empty_rate,0.2414768065635842,0.005181232752091
0.35,leaf,singleton_rate,0.7467055853581567,0.0031796100623265
0.35,leaf,top1_acc_non_empty,0.8482221183063995,0.0028923507523057
0.35,leaf,base_top1_acc,0.7226853897128427,0.0034661305274381
0.35,leaf,hir,,
0.4,family,coverage,0.601136005048911,0.0059110123575119
0.4,family,set_size_mean,0.602565478068791,0.0060003602578857
0.4,family,set_size_median,1.0,0.0
0.4,family,empty_rate,0.3974345219312081,0.0060003602578856
0.4,family,singleton_rate,0.602565478068791,0.0060003602578857
0.4,family,top1_acc_non_empty,0.9976290234284392,0.0004758106307739
0.4,family,base_top1_acc,0.9543925528557904,0.0014843469474336
0.4,family,hir,0.2915399179551904,0.0049642089453462
0.4,major,coverage,0.5998548437993054,0.0055772769198537
0.4,major,set_size_mean,0.6087945724203216,0.0056646388918863
0.4,major,set_size_median,1.0,0.0
0.4,major,empty_rate,0.3912054275796777,0.0056646388918862
0.4,major,singleton_rate,0.6087945724203216,0.0056646388918863
0.4,major,top1_acc_non_empty,0.985316644998135,0.0013296000393384
0.4,major,base_top1_acc,0.8282865257178916,0.0032492392621583
0.4,major,hir,,
0.4,leaf,coverage,0.6001988008835591,0.0063443310624387
0.4,leaf,set_size_mean,0.6631019248974437,0.0069387988005944
0.4,leaf,set_size_median,1.0,0.0
0.4,leaf,empty_rate,0.3368980751025555,0.0069387988005944
0.4,leaf,singleton_rate,0.6631019248974437,0.0069387988005944
0.4,leaf,top1_acc_non_empty,0.9051392633097712,0.0019941569960351
0.4,leaf,base_top1_acc,0.7226853897128427,0.0034661305274381
0.4,leaf,hir,,
0.45,family,coverage,0.5506626696118646,0.0054575372536858
0.45,family,set_size_mean,0.5517292521300091,0.0054671877332612
0.45,family,set_size_median,1.0,0.0
0.45,family,empty_rate,0.44827074786999,0.0054671877332612
0.45,family,singleton_rate,0.5517292521300091,0.0054671877332612
0.45,family,top1_acc_non_empty,0.9980669477030782,0.0004599241626866
0.45,family,base_top1_acc,0.9543925528557904,0.0014843469474336
0.45,family,hir,0.2687377721678759,0.0039225452256821
0.45,major,coverage,0.5495739981066579,0.0061432383508778
0.45,major,set_size_mean,0.5550867781634582,0.0063506220798876
0.45,major,set_size_median,1.0,0.0
0.45,major,empty_rate,0.444913221836541,0.0063506220798876
0.45,major,singleton_rate,0.5550867781634582,0.0063506220798876
0.45,major,top1_acc_non_empty,0.9900722599003822,0.0011916860221689
0.45,major,base_top1_acc,0.8282865257178916,0.0032492392621583
0.45,major,hir,,
0.45,leaf,coverage,0.549331019248974,0.0060966349946492
0.45,leaf,set_size_mean,0.5800788892395073,0.0079342730925503
0.45,leaf,set_size_median,1.0,0.0
0.45,leaf,empty_rate,0.4199211107604919,0.0079342730925502
0.45,leaf,singleton_rate,0.5800788892395073,0.0079342730925503
0.45,leaf,top1_acc_non_empty,0.9470290903211812,0.0033768463753379
0.45,leaf,base_top1_acc,0.7226853897128427,0.0034661305274381
0.45,leaf,hir,,
0.5,family,coverage,0.5001924897443986,0.0062425261928019
0.5,family,set_size_mean,0.5011644051751337,0.0062781197455194
0.5,family,set_size_median,0.56,0.4911460982191739
0.5,family,empty_rate,0.4988355948248655,0.0062781197455194
0.5,family,singleton_rate,0.5011644051751337,0.0062781197455194
0.5,family,top1_acc_non_empty,0.9980614133221586,0.0004840835200801
0.5,family,base_top1_acc,0.9543925528557904,0.0014843469474336
0.5,family,hir,0.3056232249921107,0.0058124641403588
0.5,major,coverage,0.5007257810034708,0.0069998274144746
0.5,major,set_size_mean,0.5052350899337327,0.0070513641559849
0.5,major,set_size_median,0.87,0.3321236553589334
0.5,major,empty_rate,0.4947649100662665,0.0070513641559849
0.5,major,singleton_rate,0.5052350899337327,0.0070513641559849
0.5,major,top1_acc_non_empty,0.9910752122884924,0.0011206707432854
0.5,major,base_top1_acc,0.8282865257178916,0.0032492392621583
0.5,major,hir,,
0.5,leaf,coverage,0.4995235089933729,0.0062754973054032
0.5,leaf,set_size_mean,0.5155727358788257,0.0065479717549944
0.5,leaf,set_size_median,1.0,0.0
0.5,leaf,empty_rate,0.4844272641211734,0.0065479717549944
0.5,leaf,singleton_rate,0.5155727358788257,0.0065479717549944
0.5,leaf,top1_acc_non_empty,0.9688742885746988,0.0017712036888669
0.5,leaf,base_top1_acc,0.7226853897128427,0.0034661305274381
0.5,leaf,hir,,
