method,alpha,level,metric,mean,std
LwCP,0.0,family,coverage,0.999781990521327,0.000261032057021
LwCP,0.0,family,set_size_mean,3.668331753554503,0.3947270034919657
LwCP,0.0,family,set_size_median,3.74,0.4869731585445517
LwCP,0.0,family,empty_rate,0.0,0.0
LwCP,0.0,family,singleton_rate,0.0817061611374402,0.0595757847653927
LwCP,0.0,family,top1_acc_non_empty,0.9554091627172192,0.0015158788953192
LwCP,0.0,family,base_top1_acc,0.9554091627172192,0.0015158788953192
LwCP,0.0,family,hir,0.9636777251184828,0.0468710385825212
LwCP,0.0,major,coverage,0.9997851500789888,0.0002778006328762
LwCP,0.0,major,set_size_mean,17.063026856240125,2.4138439540599514
LwCP,0.0,major,set_size_median,17.76,2.495383492674063
LwCP,0.0,major,empty_rate,0.0,0.0
LwCP,0.0,major,singleton_rate,0.0003949447077408,0.0010179515243819
LwCP,0.0,major,top1_acc_non_empty,0.8430774091627168,0.0027613529109355
LwCP,0.0,major,base_top1_acc,0.8430774091627168,0.0027613529109355
LwCP,0.0,major,hir,,
LwCP,0.0,leaf,coverage,0.9997661927330171,0.0002577924678185
LwCP,0.0,leaf,set_size_mean,31.11380410742496,8.119973339834385
LwCP,0.0,leaf,set_size_median,31.94,8.617518938363943
LwCP,0.0,leaf,empty_rate,0.0,0.0
LwCP,0.0,leaf,singleton_rate,0.0020442338072667,0.0015718309274202
LwCP,0.0,leaf,top1_acc_non_empty,0.7230900473933645,0.0030608696891871
LwCP,0.0,leaf,base_top1_acc,0.7230900473933645,0.0030608696891871
LwCP,0.0,leaf,hir,,
LwCP,0.01,family,coverage,0.9902022116903628,0.0015288199187324
LwCP,0.01,family,set_size_mean,1.2233048973143754,0.0074892140197009
LwCP,0.01,family,set_size_median,1.0,0.0
LwCP,0.01,family,empty_rate,0.0,0.0
LwCP,0.01,family,singleton_rate,0.8206477093206945,0.0033390743593401
LwCP,0.01,family,top1_acc_non_empty,0.9554091627172192,0.0015158788953192
LwCP,0.01,family,base_top1_acc,0.9554091627172192,0.0015158788953192
LwCP,0.01,family,hir,0.5157503949447073,0.021173781635744
LwCP,0.01,major,coverage,0.989646129541864,0.002262734313141
LwCP,0.01,major,set_size_mean,2.198274881516588,0.0889818214498014
LwCP,0.01,major,set_size_median,1.62,0.4903143514780146
LwCP,0.01,major,empty_rate,0.0,0.0
LwCP,0.01,major,singleton_rate,0.4899241706161133,0.0209941506576528
LwCP,0.01,major,top1_acc_non_empty,0.8430774091627168,0.0027613529109355
LwCP,0.01,major,base_top1_acc,0.8430774091627168,0.0027613529109355
LwCP,0.01,major,hir,,
LwCP,0.01,leaf,coverage,0.9897187993680882,0.0018342436134454
LwCP,0.01,leaf,set_size_mean,4.009330173775672,0.1239313490221564
LwCP,0.01,leaf,set_size_median,2.98,0.1414213562373095
LwCP,0.01,leaf,empty_rate,0.0,0.0
LwCP,0.01,leaf,singleton_rate,0.2937661927330169,0.0206358212342809
LwCP,0.01,leaf,top1_acc_non_empty,0.7230900473933645,0.0030608696891871
LwCP,0.01,leaf,base_top1_acc,0.7230900473933645,0.0030608696891871
LwCP,0.01,leaf,hir,,
LwCP,0.02,family,coverage,0.9804865718799364,0.002083930057879
LwCP,0.02,family,set_size_mean,1.1107203791469191,0.0150185347915889
LwCP,0.02,family,set_size_median,1.0,0.0
LwCP,0.02,family,empty_rate,0.0,0.0
LwCP,0.02,family,singleton_rate,0.8997535545023695,0.013585354147759
LwCP,0.02,family,top1_acc_non_empty,0.9554091627172192,0.0015158788953192
LwCP,0.02,family,base_top1_acc,0.9554091627172192,0.0015158788953192
LwCP,0.02,family,hir,0.3953649289099521,0.0111704774828789
LwCP,0.02,major,coverage,0.979330173775671,0.0024964953489734
LwCP,0.02,major,set_size_mean,1.802966824644549,0.0301433563051455
LwCP,0.02,major,set_size_median,1.0,0.0
LwCP,0.02,major,empty_rate,0.0,0.0
LwCP,0.02,major,singleton_rate,0.5802969984202208,0.00957953451549
LwCP,0.02,major,top1_acc_non_empty,0.8430774091627168,0.0027613529109355
LwCP,0.02,major,base_top1_acc,0.8430774091627168,0.0027613529109355
LwCP,0.02,major,hir,,
LwCP,0.02,leaf,coverage,0.9799810426540282,0.0027695670864385
LwCP,0.02,leaf,set_size_mean,3.046224328593996,0.0714461354399521
LwCP,0.02,leaf,set_size_median,2.0,0.0
LwCP,0.02,leaf,empty_rate,0.0,0.0
LwCP,0.02,leaf,singleton_rate,0.4501516587677721,0.0099894210352707
LwCP,0.02,leaf,top1_acc_non_empty,0.7230900473933645,0.0030608696891871
LwCP,0.02,leaf,base_top1_acc,0.7230900473933645,0.0030608696891871
LwCP,0.02,leaf,hir,,
LwCP,0.03,family,coverage,0.9704612954186412,0.0027598861576427
LwCP,0.03,family,set_size_mean,1.0354913112164292,0.0034380311686916
LwCP,0.03,family,set_size_median,1.0,0.0
LwCP,0.03,family,empty_rate,0.0,0.0
LwCP,0.03,family,singleton_rate,0.9657282780410738,0.0030058036908924
LwCP,0.03,family,top1_acc_non_empty,0.9554091627172192,0.0015158788953192
LwCP,0.03,family,base_top1_acc,0.9554091627172192,0.0015158788953192
LwCP,0.03,family,hir,0.3507298578199049,0.0071958202903899
LwCP,0.03,major,coverage,0.9692164296998418,0.0028031952369872
LwCP,0.03,major,set_size_mean,1.6246540284360185,0.0174252295630508
LwCP,0.03,major,set_size_median,1.0,0.0
LwCP,0.03,major,empty_rate,0.0,0.0
LwCP,0.03,major,singleton_rate,0.6309541864139017,0.0063750794219612
LwCP,0.03,major,top1_acc_non_empty,0.8430774091627168,0.0027613529109355
LwCP,0.03,major,base_top1_acc,0.8430774091627168,0.0027613529109355
LwCP,0.03,major,hir,,
LwCP,0.03,leaf,coverage,0.9702369668246444,0.0029244854349673
LwCP,0.03,leaf,set_size_mean,2.662657187993681,0.0559759943333671
LwCP,0.03,leaf,set_size_median,1.32,0.4602572483882003
LwCP,0.03,leaf,empty_rate,0.0,0.0
LwCP,0.03,leaf,singleton_rate,0.5027835703001576,0.0052460318753475
LwCP,0.03,leaf,top1_acc_non_empty,0.7230900473933645,0.0030608696891871
LwCP,0.03,leaf,base_top1_acc,0.7230900473933645,0.0030608696891871
LwCP,0.03,leaf,hir,,
LwCP,0.04,family,coverage,0.9605813586097942,0.00314149007642
LwCP,0.04,family,set_size_mean,1.0094597156398102,0.003744515877968
LwCP,0.04,family,set_size_median,1.0,0.0
LwCP,0.04,family,empty_rate,0.0004233807266979,0.0004886851073771
LwCP,0.04,family,singleton_rate,0.9896935229067928,0.0029726034359403
LwCP,0.04,family,top1_acc_non_empty,0.9556775395796612,0.0013229164009409
LwCP,0.04,family,base_top1_acc,0.9554091627172192,0.0015158788953192
LwCP,0.04,family,hir,0.3346097946287515,0.0050884155201723
LwCP,0.04,major,coverage,0.9590142180094784,0.0032668939445823
LwCP,0.04,major,set_size_mean,1.519889415481832,0.0165457967936775
LwCP,0.04,major,set_size_median,1.0,0.0
LwCP,0.04,major,empty_rate,0.0,0.0
LwCP,0.04,major,singleton_rate,0.6668404423380722,0.0061830673407452
LwCP,0.04,major,top1_acc_non_empty,0.8430774091627168,0.0027613529109355
LwCP,0.04,major,base_top1_acc,0.8430774091627168,0.0027613529109355
LwCP,0.04,major,hir,,
LwCP,0.04,leaf,coverage,0.960284360189573,0.0032886235046203
LwCP,0.04,leaf,set_size_mean,2.38172195892575,0.040622235381864
LwCP,0.04,leaf,set_size_median,1.0,0.0
LwCP,0.04,leaf,empty_rate,0.0,0.0
LwCP,0.04,leaf,singleton_rate,0.5291500789889412,0.0042763433787856
LwCP,0.04,leaf,top1_acc_non_empty,0.7230900473933645,0.0030608696891871
LwCP,0.04,leaf,base_top1_acc,0.7230900473933645,0.0030608696891871
LwCP,0.04,leaf,hir,,
LwCP,0.05,family,coverage,0.9501042654028432,0.0034611749823035
LwCP,0.05,family,set_size_mean,0.9861864139020534,0.0044547224888065
LwCP,0.05,family,set_size_median,1.0,0.0
LwCP,0.05,family,empty_rate,0.0138135860979457,0.0044547224888065
LwCP,0.05,family,singleton_rate,0.9861864139020534,0.0044547224888065
LwCP,0.05,family,top1_acc_non_empty,0.9634165660207245,0.0012098939640593
LwCP,0.05,family,base_top1_acc,0.9554091627172192,0.0015158788953192
LwCP,0.05,family,hir,0.3037251184834119,0.0136793905915332
LwCP,0.05,major,coverage,0.948843601895734,0.003763246508073
LwCP,0.05,major,set_size_mean,1.4214407582938386,0.0176230305102665
LwCP,0.05,major,set_size_median,1.0,0.0
LwCP,0.05,major,empty_rate,0.0,0.0
LwCP,0.05,major,singleton_rate,0.7216366508688781,0.0098354142423925
LwCP,0.05,major,top1_acc_non_empty,0.8430774091627168,0.0027613529109355
LwCP,0.05,major,base_top1_acc,0.8430774091627168,0.0027613529109355
LwCP,0.05,major,hir,,
LwCP,0.05,leaf,coverage,0.9498325434439177,0.0030453217801983
LwCP,0.05,leaf,set_size_mean,2.163330173775671,0.0259687461284105
LwCP,0.05,leaf,set_size_median,1.0,0.0
LwCP,0.05,leaf,empty_rate,0.0,0.0
LwCP,0.05,leaf,singleton_rate,0.5415703001579775,0.0040635432751799
LwCP,0.05,leaf,top1_acc_non_empty,0.7230900473933645,0.0030608696891871
LwCP,0.05,leaf,base_top1_acc,0.7230900473933645,0.0030608696891871
LwCP,0.05,leaf,hir,,
LwCP,0.075,family,coverage,0.9248372827804106,0.0046654993401746
LwCP,0.075,family,set_size_mean,0.945551342812006,0.0048616273655029
LwCP,0.075,family,set_size_median,1.0,0.0
LwCP,0.075,family,empty_rate,0.0544486571879931,0.0048616273655029
LwCP,0.075,family,singleton_rate,0.945551342812006,0.0048616273655029
LwCP,0.075,family,top1_acc_non_empty,0.978094226686128,0.0010973787416443
LwCP,0.075,family,base_top1_acc,0.9554091627172192,0.0015158788953192
LwCP,0.075,family,hir,0.240887835703001,0.0091612546123179
LwCP,0.075,major,coverage,0.9235071090047392,0.0040987356658981
LwCP,0.075,major,set_size_mean,1.2667456556082144,0.011977150678918
LwCP,0.075,major,set_size_median,1.0,0.0
LwCP,0.075,major,empty_rate,7.266982622416e-05,7.95351396373966e-05
LwCP,0.075,major,singleton_rate,0.7934944707740912,0.0057906580974933
LwCP,0.075,major,top1_acc_non_empty,0.8430659990110465,0.002761870961206
LwCP,0.075,major,base_top1_acc,0.8430774091627168,0.0027613529109355
LwCP,0.075,major,hir,,
LwCP,0.075,leaf,coverage,0.9246729857819902,0.004118531636581
LwCP,0.075,leaf,set_size_mean,1.7706540284360184,0.0324101647034866
LwCP,0.075,leaf,set_size_median,1.0,0.0
LwCP,0.075,leaf,empty_rate,0.0,0.0
LwCP,0.075,leaf,singleton_rate,0.5787582938388622,0.0048406922156459
LwCP,0.075,leaf,top1_acc_non_empty,0.7230900473933645,0.0030608696891871
LwCP,0.075,leaf,base_top1_acc,0.7230900473933645,0.0030608696891871
LwCP,0.075,leaf,hir,,
LwCP,0.1,family,coverage,0.8999936808846758,0.0048066662070243
LwCP,0.1,family,set_size_mean,0.9145244865718796,0.0051548031043539
LwCP,0.1,family,set_size_median,1.0,0.0
LwCP,0.1,family,empty_rate,0.0854755134281195,0.0051548031043539
LwCP,0.1,family,singleton_rate,0.9145244865718796,0.0051548031043539
LwCP,0.1,family,top1_acc_non_empty,0.9841132034787604,0.0010629230292506
LwCP,0.1,family,base_top1_acc,0.9554091627172192,0.0015158788953192
LwCP,0.1,family,hir,0.2370142180094781,0.0031862447754105
LwCP,0.1,major,coverage,0.8987582938388623,0.0048425647295101
LwCP,0.1,major,set_size_mean,1.172375987361769,0.0103323248935278
LwCP,0.1,major,set_size_median,1.0,0.0
LwCP,0.1,major,empty_rate,0.0010426540284355,0.0010097881887247
LwCP,0.1,major,singleton_rate,0.8446698262243284,0.0057201155505514
LwCP,0.1,major,top1_acc_non_empty,0.8436784291980263,0.002512646530437
LwCP,0.1,major,base_top1_acc,0.8430774091627168,0.0027613529109355
LwCP,0.1,major,hir,,
LwCP,0.1,leaf,coverage,0.8989162717219585,0.0048546450246891
LwCP,0.1,leaf,set_size_mean,1.5586919431279618,0.0116197107085079
LwCP,0.1,leaf,set_size_median,1.0,0.0
LwCP,0.1,leaf,empty_rate,0.0009952606635065,0.0003411468394905
LwCP,0.1,leaf,singleton_rate,0.630018957345971,0.0035391895931885
LwCP,0.1,leaf,top1_acc_non_empty,0.7238101932446809,0.0029967514149523
LwCP,0.1,leaf,base_top1_acc,0.7230900473933645,0.0030608696891871
LwCP,0.1,leaf,hir,,
LwCP,0.15,family,coverage,0.8515039494470771,0.0061408496368093
LwCP,0.15,family,set_size_mean,0.8607393364928906,0.0063606687407342
LwCP,0.15,family,set_size_median,1.0,0.0
LwCP,0.15,family,empty_rate,0.1392606635071084,0.0063606687407342
LwCP,0.15,family,singleton_rate,0.8607393364928906,0.0063606687407342
LwCP,0.15,family,top1_acc_non_empty,0.9892720056456102,0.0008515408149023
LwCP,0.15,family,base_top1_acc,0.9554091627172192,0.0015158788953192
LwCP,0.15,family,hir,0.2763191153238541,0.0059700856873219
LwCP,0.15,major,coverage,0.8482148499210106,0.0048658569704818
LwCP,0.15,major,set_size_mean,1.0011406003159555,0.0091118971808285
LwCP,0.15,major,set_size_median,1.0,0.0
LwCP,0.15,major,empty_rate,0.035494470774091,0.004270169369041
LwCP,0.15,major,singleton_rate,0.9278704581358604,0.0026227960241247
LwCP,0.15,major,top1_acc_non_empty,0.8639756494950366,0.0017382537531769
LwCP,0.15,major,base_top1_acc,0.8430774091627168,0.0027613529109355
LwCP,0.15,major,hir,,
LwCP,0.15,leaf,coverage,0.8494913112164294,0.0061383235709627
LwCP,0.15,leaf,set_size_mean,1.3255639810426536,0.0102812121845442
LwCP,0.15,leaf,set_size_median,1.0,0.0
LwCP,0.15,leaf,empty_rate,0.0107551342812,0.0019559907166735
LwCP,0.15,leaf,singleton_rate,0.7099399684044231,0.0044416325805313
LwCP,0.15,leaf,top1_acc_non_empty,0.7296241444877842,0.0024829338096181
LwCP,0.15,leaf,base_top1_acc,0.7230900473933645,0.0030608696891871
LwCP,0.15,leaf,hir,,
LwCP,0.2,family,coverage,0.7993902053712475,0.0058690526824946
LwCP,0.2,family,set_size_mean,0.8046192733017372,0.006015581313263
LwCP,0.2,family,set_size_median,1.0,0.0
LwCP,0.2,family,empty_rate,0.1953807266982617,0.006015581313263
LwCP,0.2,family,singleton_rate,0.8046192733017372,0.006015581313263
LwCP,0.2,family,top1_acc_non_empty,0.993502391742735,0.0006957064772535
LwCP,0.2,family,base_top1_acc,0.9554091627172192,0.0015158788953192
LwCP,0.2,family,hir,0.3355039494470769,0.0054356096408406
LwCP,0.2,major,coverage,0.7980853080568715,0.005706661609078
LwCP,0.2,major,set_size_mean,0.8699778830963661,0.0079748075369813
LwCP,0.2,major,set_size_median,1.0,0.0
LwCP,0.2,major,empty_rate,0.130022116903633,0.0079748075369814
LwCP,0.2,major,singleton_rate,0.8699778830963661,0.0079748075369813
LwCP,0.2,major,top1_acc_non_empty,0.9173817336499804,0.0028136151470798
LwCP,0.2,major,base_top1_acc,0.8430774091627168,0.0027613529109355
LwCP,0.2,major,hir,,
LwCP,0.2,leaf,coverage,0.7986161137440755,0.0074048385629156
LwCP,0.2,leaf,set_size_mean,1.1860505529225904,0.0166543198324734
LwCP,0.2,leaf,set_size_median,1.0,0.0
LwCP,0.2,leaf,empty_rate,0.0246508688783566,0.0039312810443659
LwCP,0.2,leaf,singleton_rate,0.76972195892575,0.0089185853034389
LwCP,0.2,leaf,top1_acc_non_empty,0.7364129395580455,0.0024054130695755
LwCP,0.2,leaf,base_top1_acc,0.7230900473933645,0.0030608696891871
LwCP,0.2,leaf,hir,,
LwCP,0.25,family,coverage,0.7502211690363346,0.0057262285339314
LwCP,0.25,family,set_size_mean,0.7532164296998416,0.0057990360627253
LwCP,0.25,family,set_size_median,1.0,0.0
LwCP,0.25,family,empty_rate,0.2467835703001574,0.0057990360627253
LwCP,0.25,family,singleton_rate,0.7532164296998416,0.0057990360627253
LwCP,0.25,family,top1_acc_non_empty,0.99602411246951,0.0007075435446413
LwCP,0.25,family,base_top1_acc,0.9554091627172192,0.0015158788953192
LwCP,0.25,family,hir,0.3718483412322271,0.0047925567134944
LwCP,0.25,major,coverage,0.7480821484992096,0.0061410379094596
LwCP,0.25,major,set_size_mean,0.7869067930489727,0.0080900643634615
LwCP,0.25,major,set_size_median,1.0,0.0
LwCP,0.25,major,empty_rate,0.2130932069510263,0.0080900643634614
LwCP,0.25,major,singleton_rate,0.7869067930489727,0.0080900643634615
LwCP,0.25,major,top1_acc_non_empty,0.9506837665321533,0.0028238362143521
LwCP,0.25,major,base_top1_acc,0.8430774091627168,0.0027613529109355
LwCP,0.25,major,hir,,
LwCP,0.25,leaf,coverage,0.7479431279620848,0.0051238659205135
LwCP,0.25,leaf,set_size_mean,1.0112701421800945,0.0121012485269812
LwCP,0.25,leaf,set_size_median,1.0,0.0
LwCP,0.25,leaf,empty_rate,0.0869984202211685,0.0068241497314822
LwCP,0.25,leaf,singleton_rate,0.8148625592417059,0.0042088266710063
LwCP,0.25,leaf,top1_acc_non_empty,0.7754635534414391,0.0031319702834554
LwCP,0.25,leaf,base_top1_acc,0.7230900473933645,0.0030608696891871
LwCP,0.25,leaf,hir,,
LwCP,0.3,family,coverage,0.7002369668246442,0.0056935811252581
LwCP,0.3,family,set_size_mean,0.7023886255924167,0.0057015720173625
LwCP,0.3,family,set_size_median,1.0,0.0
LwCP,0.3,family,empty_rate,0.2976113744075824,0.0057015720173625
LwCP,0.3,family,singleton_rate,0.7023886255924167,0.0057015720173625
LwCP,0.3,family,top1_acc_non_empty,0.9969367427928302,0.0006417610437988
LwCP,0.3,family,base_top1_acc,0.9554091627172192,0.0015158788953192
LwCP,0.3,family,hir,0.3714123222748811,0.0049447649080404
LwCP,0.3,major,coverage,0.6999241706161133,0.0078498162599299
LwCP,0.3,major,set_size_mean,0.7188404423380724,0.0084323104980347
LwCP,0.3,major,set_size_median,1.0,0.0
LwCP,0.3,major,empty_rate,0.2811595576619268,0.0084323104980347
LwCP,0.3,major,singleton_rate,0.7188404423380724,0.0084323104980347
LwCP,0.3,major,top1_acc_non_empty,0.9736924321127632,0.0018406189631368
LwCP,0.3,major,base_top1_acc,0.8430774091627168,0.0027613529109355
LwCP,0.3,major,hir,,
LwCP,0.3,leaf,coverage,0.6973175355450233,0.0059466844983481
LwCP,0.3,leaf,set_size_mean,0.8453428120063187,0.0079998379560481
LwCP,0.3,leaf,set_size_median,1.0,0.0
LwCP,0.3,leaf,empty_rate,0.1790932069510264,0.0050749619350547
LwCP,0.3,leaf,singleton_rate,0.7964707740916269,0.0030590803730385
LwCP,0.3,leaf,top1_acc_non_empty,0.836517080775281,0.0026730240189115
LwCP,0.3,leaf,base_top1_acc,0.7230900473933645,0.0030608696891871
LwCP,0.3,leaf,hir,,
LwCP,0.35,family,coverage,0.6511816745655605,0.0056675111229507
LwCP,0.35,family,set_size_mean,0.6526287519747231,0.0057833812711938
LwCP,0.35,family,set_size_median,1.0,0.0
LwCP,0.35,family,empty_rate,0.347371248025276,0.0057833812711938
LwCP,0.35,family,singleton_rate,0.6526287519747231,0.0057833812711938
LwCP,0.35,family,top1_acc_non_empty,0.9977842098305614,0.000586530622016
LwCP,0.35,family,base_top1_acc,0.9554091627172192,0.0015158788953192
LwCP,0.35,family,hir,0.2851785150078985,0.0075791552448326
LwCP,0.35,major,coverage,0.6500726698262238,0.0110398731180898
LwCP,0.35,major,set_size_mean,0.6627962085308053,0.0122312210516807
LwCP,0.35,major,set_size_median,1.0,0.0
LwCP,0.35,major,empty_rate,0.3372037914691939,0.0122312210516806
LwCP,0.35,major,singleton_rate,0.6627962085308053,0.0122312210516807
LwCP,0.35,major,top1_acc_non_empty,0.9808303312239152,0.0020711163819204
LwCP,0.35,major,base_top1_acc,0.8430774091627168,0.0027613529109355
LwCP,0.35,major,hir,,
LwCP,0.35,leaf,coverage,0.6471437598736174,0.0050269105682239
LwCP,0.35,leaf,set_size_mean,0.7335197472353867,0.0060011815387392
LwCP,0.35,leaf,set_size_median,1.0,0.0
LwCP,0.35,leaf,empty_rate,0.2664802527646124,0.0060011815387391
LwCP,0.35,leaf,singleton_rate,0.7335197472353867,0.0060011815387392
LwCP,0.35,leaf,top1_acc_non_empty,0.8822504033490202,0.002348395228849
LwCP,0.35,leaf,base_top1_acc,0.7230900473933645,0.0030608696891871
LwCP,0.35,leaf,hir,,
LwCP,0.4,family,coverage,0.6005813586097942,0.0066307279635181
LwCP,0.4,family,set_size_mean,0.6012511848341229,0.0066374380332268
LwCP,0.4,family,set_size_median,1.0,0.0
LwCP,0.4,family,empty_rate,0.3987488151658762,0.0066374380332268
LwCP,0.4,family,singleton_rate,0.6012511848341229,0.0066374380332268
LwCP,0.4,family,top1_acc_non_empty,0.9988860036768336,0.0004479991450253
LwCP,0.4,family,base_top1_acc,0.9554091627172192,0.0015158788953192
LwCP,0.4,family,hir,0.2418199052132697,0.0034853241057132
LwCP,0.4,major,coverage,0.5982685624012634,0.0066058337309888
LwCP,0.4,major,set_size_mean,0.6049099526066347,0.0068891163258234
LwCP,0.4,major,set_size_median,1.0,0.0
LwCP,0.4,major,empty_rate,0.3950900473933644,0.0068891163258234
LwCP,0.4,major,singleton_rate,0.6049099526066347,0.0068891163258234
LwCP,0.4,major,top1_acc_non_empty,0.9890255807473056,0.0013850279992192
LwCP,0.4,major,base_top1_acc,0.8430774091627168,0.0027613529109355
LwCP,0.4,major,hir,,
LwCP,0.4,leaf,coverage,0.5973712480252761,0.0059177736792544
LwCP,0.4,leaf,set_size_mean,0.6347109004739333,0.0081713989715116
LwCP,0.4,leaf,set_size_median,1.0,0.0
LwCP,0.4,leaf,empty_rate,0.3652890995260659,0.0081713989715115
LwCP,0.4,leaf,singleton_rate,0.6347109004739333,0.0081713989715116
LwCP,0.4,leaf,top1_acc_non_empty,0.94120776226878,0.0033890563642003
LwCP,0.4,leaf,base_top1_acc,0.7230900473933645,0.0030608696891871
LwCP,0.4,leaf,hir,,
LwCP,0.45,family,coverage,0.5507867298578195,0.0067663599887645
LwCP,0.45,family,set_size_mean,0.5511279620853078,0.0067715157562841
LwCP,0.45,family,set_size_median,1.0,0.0
LwCP,0.45,family,empty_rate,0.4488720379146915,0.0067715157562841
LwCP,0.45,family,singleton_rate,0.5511279620853078,0.0067715157562841
LwCP,0.45,family,top1_acc_non_empty,0.9993808975553674,0.0003439828410678
LwCP,0.45,family,base_top1_acc,0.9554091627172192,0.0015158788953192
LwCP,0.45,family,hir,0.2335071090047388,0.0040687090361615
LwCP,0.45,major,coverage,0.5486666666666663,0.0081536385618108
LwCP,0.45,major,set_size_mean,0.5531153238546599,0.0084577303353895
LwCP,0.45,major,set_size_median,1.0,0.0
LwCP,0.45,major,empty_rate,0.4468846761453392,0.0084577303353895
LwCP,0.45,major,singleton_rate,0.5531153238546599,0.0084577303353895
LwCP,0.45,major,top1_acc_non_empty,0.991964294105048,0.0013151354726273
LwCP,0.45,major,base_top1_acc,0.8430774091627168,0.0027613529109355
LwCP,0.45,major,hir,,
LwCP,0.45,leaf,coverage,0.5479020537124799,0.0067359602920898
LwCP,0.45,leaf,set_size_mean,0.559630331753554,0.0073382773361501
LwCP,0.45,leaf,set_size_median,1.0,0.0
LwCP,0.45,leaf,empty_rate,0.4403696682464451,0.0073382773361501
LwCP,0.45,leaf,singleton_rate,0.559630331753554,0.0073382773361501
LwCP,0.45,leaf,top1_acc_non_empty,0.979054105720398,0.00158248715257
LwCP,0.45,leaf,base_top1_acc,0.7230900473933645,0.0030608696891871
LwCP,0.45,leaf,hir,,
LwCP,0.5,family,coverage,0.5006887835702999,0.0068885189286366
LwCP,0.5,family,set_size_mean,0.5009794628751971,0.0068576350868179
LwCP,0.5,family,set_size_median,0.56,0.501426536422407
LwCP,0.5,family,empty_rate,0.4990205371248021,0.0068576350868179
LwCP,0.5,family,singleton_rate,0.5009794628751971,0.0068576350868179
LwCP,0.5,family,top1_acc_non_empty,0.9994188517142694,0.0003421369361544
LwCP,0.5,family,base_top1_acc,0.9554091627172192,0.0015158788953192
LwCP,0.5,family,hir,0.2723064770932065,0.0036250358940771
LwCP,0.5,major,coverage,0.498284360189573,0.0071723798166382
LwCP,0.5,major,set_size_mean,0.5010363349131116,0.0073231970827646
LwCP,0.5,major,set_size_median,0.61,0.4874967294500444
LwCP,0.5,major,empty_rate,0.4989636650868874,0.0073231970827646
LwCP,0.5,major,singleton_rate,0.5010363349131116,0.0073231970827646
LwCP,0.5,major,top1_acc_non_empty,0.9945110923994354,0.0009484261401686
LwCP,0.5,major,base_top1_acc,0.8430774091627168,0.0027613529109355
LwCP,0.5,major,hir,,
LwCP,0.5,leaf,coverage,0.4984676145339649,0.0067408703288288
LwCP,0.5,leaf,set_size_mean,0.5041611374407577,0.0069035010610025
LwCP,0.5,leaf,set_size_median,0.76,0.4194262358829486
LwCP,0.5,leaf,empty_rate,0.4958388625592412,0.0069035010610025
LwCP,0.5,leaf,singleton_rate,0.5041611374407577,0.0069035010610025
LwCP,0.5,leaf,top1_acc_non_empty,0.9887097559775552,0.0010867793303859
LwCP,0.5,leaf,base_top1_acc,0.7230900473933645,0.0030608696891871
LwCP,0.5,leaf,hir,,
LoUPCP,0.0,family,coverage,0.999990521327014,3.7898568322735005e-05
LoUPCP,0.0,family,set_size_mean,4.75070458135861,0.1785031069771946
LoUPCP,0.0,family,set_size_median,5.0,0.0
LoUPCP,0.0,family,empty_rate,0.0,0.0
LoUPCP,0.0,family,singleton_rate,0.0031690363349127,0.0025571770907429
LoUPCP,0.0,family,top1_acc_non_empty,0.9429921011058447,0.00240603786588
LoUPCP,0.0,family,base_top1_acc,0.9429921011058447,0.00240603786588
LoUPCP,0.0,family,hir,0.0,0.0
LoUPCP,0.0,major,coverage,0.9997756714060032,0.0002325517491728
LoUPCP,0.0,major,set_size_mean,16.789270142180094,2.8118684109021754
LoUPCP,0.0,major,set_size_median,17.42,2.8720326301369608
LoUPCP,0.0,major,empty_rate,0.0,0.0
LoUPCP,0.0,major,singleton_rate,0.00224644549763,0.0017415013568588
LoUPCP,0.0,major,top1_acc_non_empty,0.8208120063191149,0.0029861512821388
LoUPCP,0.0,major,base_top1_acc,0.8208120063191149,0.0029861512821388
LoUPCP,0.0,major,hir,,
LoUPCP,0.0,leaf,coverage,0.9997661927330171,0.0002577924678185
LoUPCP,0.0,leaf,set_size_mean,31.11380410742496,8.119973339834385
LoUPCP,0.0,leaf,set_size_median,31.94,8.617518938363943
LoUPCP,0.0,leaf,empty_rate,0.0,0.0
LoUPCP,0.0,leaf,singleton_rate,0.0020442338072667,0.0015718309274202
LoUPCP,0.0,leaf,top1_acc_non_empty,0.7230900473933645,0.0030608696891871
LoUPCP,0.0,leaf,base_top1_acc,0.7230900473933645,0.0030608696891871
LoUPCP,0.0,leaf,hir,,
LoUPCP,0.01,family,coverage,0.9954660347551336,0.000902871801214
LoUPCP,0.01,family,set_size_mean,1.5853744075829383,0.0350032628680281
LoUPCP,0.01,family,set_size_median,1.0,0.0
LoUPCP,0.01,family,empty_rate,0.0,0.0
LoUPCP,0.01,family,singleton_rate,0.5949289099526062,0.0222814372399644
LoUPCP,0.01,family,top1_acc_non_empty,0.9429921011058447,0.00240603786588
LoUPCP,0.01,family,base_top1_acc,0.9429921011058447,0.00240603786588
LoUPCP,0.01,family,hir,0.0,0.0
LoUPCP,0.01,major,coverage,0.99101737756714,0.0016611871075312
LoUPCP,0.01,major,set_size_mean,2.8282969984202206,0.088341358836632
LoUPCP,0.01,major,set_size_median,2.0,0.0
LoUPCP,0.01,major,empty_rate,0.0,0.0
LoUPCP,0.01,major,singleton_rate,0.3204075829383882,0.0220617657941109
LoUPCP,0.01,major,top1_acc_non_empty,0.8208120063191149,0.0029861512821388
LoUPCP,0.01,major,base_top1_acc,0.8208120063191149,0.0029861512821388
LoUPCP,0.01,major,hir,,
LoUPCP,0.01,leaf,coverage,0.9897187993680882,0.0018342436134454
LoUPCP,0.01,leaf,set_size_mean,4.009330173775672,0.1239313490221564
LoUPCP,0.01,leaf,set_size_median,2.98,0.1414213562373095
LoUPCP,0.01,leaf,empty_rate,0.0,0.0
LoUPCP,0.01,leaf,singleton_rate,0.2937661927330169,0.0206358212342809
LoUPCP,0.01,leaf,top1_acc_non_empty,0.7230900473933645,0.0030608696891871
LoUPCP,0.01,leaf,base_top1_acc,0.7230900473933645,0.0030608696891871
LoUPCP,0.01,leaf,hir,,
LoUPCP,0.02,family,coverage,0.9922969984202208,0.0011273115811855
LoUPCP,0.02,family,set_size_mean,1.3754881516587674,0.0135696063526937
LoUPCP,0.02,family,set_size_median,1.0,0.0
LoUPCP,0.02,family,empty_rate,0.0,0.0
LoUPCP,0.02,family,singleton_rate,0.7170900473933645,0.0070560183017468
LoUPCP,0.02,family,top1_acc_non_empty,0.9429921011058447,0.00240603786588
LoUPCP,0.02,family,base_top1_acc,0.9429921011058447,0.00240603786588
LoUPCP,0.02,family,hir,0.0,0.0
LoUPCP,0.02,major,coverage,0.9826603475513424,0.0021669205286595
LoUPCP,0.02,major,set_size_mean,2.168113744075829,0.0441145223548891
LoUPCP,0.02,major,set_size_median,1.94,0.2398979374820952
LoUPCP,0.02,major,empty_rate,0.0,0.0
LoUPCP,0.02,major,singleton_rate,0.4874123222748812,0.0106042261229358
LoUPCP,0.02,major,top1_acc_non_empty,0.8208120063191149,0.0029861512821388
LoUPCP,0.02,major,base_top1_acc,0.8208120063191149,0.0029861512821388
LoUPCP,0.02,major,hir,,
LoUPCP,0.02,leaf,coverage,0.9799810426540282,0.0027695670864385
LoUPCP,0.02,leaf,set_size_mean,3.046224328593996,0.0714461354399521
LoUPCP,0.02,leaf,set_size_median,2.0,0.0
LoUPCP,0.02,leaf,empty_rate,0.0,0.0
LoUPCP,0.02,leaf,singleton_rate,0.4501516587677721,0.0099894210352707
LoUPCP,0.02,leaf,top1_acc_non_empty,0.7230900473933645,0.0030608696891871
LoUPCP,0.02,leaf,base_top1_acc,0.7230900473933645,0.0030608696891871
LoUPCP,0.02,leaf,hir,,
LoUPCP,0.03,family,coverage,0.9892764612954182,0.0013107638208881
LoUPCP,0.03,family,set_size_mean,1.3106508688783562,0.0089050105686441
LoUPCP,0.03,family,set_size_median,1.0,0.0
LoUPCP,0.03,family,empty_rate,0.0,0.0
LoUPCP,0.03,family,singleton_rate,0.7557440758293835,0.0053909364186885
LoUPCP,0.03,family,top1_acc_non_empty,0.9429921011058447,0.00240603786588
LoUPCP,0.03,family,base_top1_acc,0.9429921011058447,0.00240603786588
LoUPCP,0.03,family,hir,0.0,0.0
LoUPCP,0.03,major,coverage,0.9750110584518166,0.002546654915607
LoUPCP,0.03,major,set_size_mean,1.9320315955766187,0.0288752965005053
LoUPCP,0.03,major,set_size_median,1.0,0.0
LoUPCP,0.03,major,empty_rate,0.0,0.0
LoUPCP,0.03,major,singleton_rate,0.5488341232227484,0.0063121507869427
LoUPCP,0.03,major,top1_acc_non_empty,0.8208120063191149,0.0029861512821388
LoUPCP,0.03,major,base_top1_acc,0.8208120063191149,0.0029861512821388
LoUPCP,0.03,major,hir,,
LoUPCP,0.03,leaf,coverage,0.9702369668246444,0.0029244854349673
LoUPCP,0.03,leaf,set_size_mean,2.662657187993681,0.0559759943333671
LoUPCP,0.03,leaf,set_size_median,1.32,0.4602572483882003
LoUPCP,0.03,leaf,empty_rate,0.0,0.0
LoUPCP,0.03,leaf,singleton_rate,0.5027835703001576,0.0052460318753475
LoUPCP,0.03,leaf,top1_acc_non_empty,0.7230900473933645,0.0030608696891871
LoUPCP,0.03,leaf,base_top1_acc,0.7230900473933645,0.0030608696891871
LoUPCP,0.03,leaf,hir,,
LoUPCP,0.04,family,coverage,0.9857535545023692,0.0013954747477654
LoUPCP,0.04,family,set_size_mean,1.263842022116903,0.0096165001733606
LoUPCP,0.04,family,set_size_median,1.0,0.0
LoUPCP,0.04,family,empty_rate,0.0,0.0
LoUPCP,0.04,family,singleton_rate,0.7840442338072668,0.0062765760345949
LoUPCP,0.04,family,top1_acc_non_empty,0.9429921011058447,0.00240603786588
LoUPCP,0.04,family,base_top1_acc,0.9429921011058447,0.00240603786588
LoUPCP,0.04,family,hir,0.0,0.0
LoUPCP,0.04,major,coverage,0.967118483412322,0.0026605701614998
LoUPCP,0.04,major,set_size_mean,1.779892575039494,0.0199192313659897
LoUPCP,0.04,major,set_size_median,1.0,0.0
LoUPCP,0.04,major,empty_rate,0.0,0.0
LoUPCP,0.04,major,singleton_rate,0.5822464454976299,0.0062404336786562
LoUPCP,0.04,major,top1_acc_non_empty,0.8208120063191149,0.0029861512821388
LoUPCP,0.04,major,base_top1_acc,0.8208120063191149,0.0029861512821388
LoUPCP,0.04,major,hir,,
LoUPCP,0.04,leaf,coverage,0.960284360189573,0.0032886235046203
LoUPCP,0.04,leaf,set_size_mean,2.38172195892575,0.040622235381864
LoUPCP,0.04,leaf,set_size_median,1.0,0.0
LoUPCP,0.04,leaf,empty_rate,0.0,0.0
LoUPCP,0.04,leaf,singleton_rate,0.5291500789889412,0.0042763433787856
LoUPCP,0.04,leaf,top1_acc_non_empty,0.7230900473933645,0.0030608696891871
LoUPCP,0.04,leaf,base_top1_acc,0.7230900473933645,0.0030608696891871
LoUPCP,0.04,leaf,hir,,
LoUPCP,0.05,family,coverage,0.9800189573459712,0.0021108848922301
LoUPCP,0.05,family,set_size_mean,1.1953522906793046,0.0159693457459622
LoUPCP,0.05,family,set_size_median,1.0,0.0
LoUPCP,0.05,family,empty_rate,0.0,0.0
LoUPCP,0.05,family,singleton_rate,0.8367835703001576,0.0145502991378324
LoUPCP,0.05,family,top1_acc_non_empty,0.9429921011058447,0.00240603786588
LoUPCP,0.05,family,base_top1_acc,0.9429921011058447,0.00240603786588
LoUPCP,0.05,family,hir,0.0,0.0
LoUPCP,0.05,major,coverage,0.9581105845181672,0.0027822859143446
LoUPCP,0.05,major,set_size_mean,1.6648025276461291,0.0214666356877453
LoUPCP,0.05,major,set_size_median,1.0,0.0
LoUPCP,0.05,major,empty_rate,0.0,0.0
LoUPCP,0.05,major,singleton_rate,0.6335987361769349,0.0143548895033947
LoUPCP,0.05,major,top1_acc_non_empty,0.8208120063191149,0.0029861512821388
LoUPCP,0.05,major,base_top1_acc,0.8208120063191149,0.0029861512821388
LoUPCP,0.05,major,hir,,
LoUPCP,0.05,leaf,coverage,0.9498325434439177,0.0030453217801983
LoUPCP,0.05,leaf,set_size_mean,2.163330173775671,0.0259687461284105
LoUPCP,0.05,leaf,set_size_median,1.0,0.0
LoUPCP,0.05,leaf,empty_rate,0.0,0.0
LoUPCP,0.05,leaf,singleton_rate,0.5415703001579775,0.0040635432751799
LoUPCP,0.05,leaf,top1_acc_non_empty,0.7230900473933645,0.0030608696891871
LoUPCP,0.05,leaf,base_top1_acc,0.7230900473933645,0.0030608696891871
LoUPCP,0.05,leaf,hir,,
LoUPCP,0.075,family,coverage,0.9694786729857816,0.0019849815777293
LoUPCP,0.075,family,set_size_mean,1.1007361769352286,0.0086104740162843
LoUPCP,0.075,family,set_size_median,1.0,0.0
LoUPCP,0.075,family,empty_rate,0.0,0.0
LoUPCP,0.075,family,singleton_rate,0.9078420221169032,0.0075441345225341
LoUPCP,0.075,family,top1_acc_non_empty,0.9429921011058447,0.00240603786588
LoUPCP,0.075,family,base_top1_acc,0.9429921011058447,0.00240603786588
LoUPCP,0.075,family,hir,0.0,0.0
LoUPCP,0.075,major,coverage,0.9377251184834118,0.0035614988119303
LoUPCP,0.075,major,set_size_mean,1.4388025276461291,0.0215034486684008
LoUPCP,0.075,major,set_size_median,1.0,0.0
LoUPCP,0.075,major,empty_rate,0.0,0.0
LoUPCP,0.075,major,singleton_rate,0.7108025276461292,0.0075628885884364
LoUPCP,0.075,major,top1_acc_non_empty,0.8208120063191149,0.0029861512821388
LoUPCP,0.075,major,base_top1_acc,0.8208120063191149,0.0029861512821388
LoUPCP,0.075,major,hir,,
LoUPCP,0.075,leaf,coverage,0.9246729857819902,0.004118531636581
LoUPCP,0.075,leaf,set_size_mean,1.7706540284360184,0.0324101647034866
LoUPCP,0.075,leaf,set_size_median,1.0,0.0
LoUPCP,0.075,leaf,empty_rate,0.0,0.0
LoUPCP,0.075,leaf,singleton_rate,0.5787582938388622,0.0048406922156459
LoUPCP,0.075,leaf,top1_acc_non_empty,0.7230900473933645,0.0030608696891871
LoUPCP,0.075,leaf,base_top1_acc,0.7230900473933645,0.0030608696891871
LoUPCP,0.075,leaf,hir,,
LoUPCP,0.1,family,coverage,0.9626224328593994,0.0020595323035973
LoUPCP,0.1,family,set_size_mean,1.0628183254344388,0.0024643392388727
LoUPCP,0.1,family,set_size_median,1.0,0.0
LoUPCP,0.1,family,empty_rate,0.0009952606635065,0.0003411468394905
LoUPCP,0.1,family,singleton_rate,0.9365592417061608,0.0020399243513686
LoUPCP,0.1,family,top1_acc_non_empty,0.9437605162610916,0.0023137978880286
LoUPCP,0.1,family,base_top1_acc,0.9429921011058447,0.00240603786588
LoUPCP,0.1,family,hir,0.0,0.0
LoUPCP,0.1,major,coverage,0.9144518167456552,0.0042985580028506
LoUPCP,0.1,major,set_size_mean,1.298325434439178,0.0080325919481569
LoUPCP,0.1,major,set_size_median,1.0,0.0
LoUPCP,0.1,major,empty_rate,0.0009952606635065,0.0003411468394905
LoUPCP,0.1,major,singleton_rate,0.7622780410742491,0.0036406038677125
LoUPCP,0.1,major,top1_acc_non_empty,0.8216294486831821,0.0028922961965582
LoUPCP,0.1,major,base_top1_acc,0.8208120063191149,0.0029861512821388
LoUPCP,0.1,major,hir,,
LoUPCP,0.1,leaf,coverage,0.8989162717219585,0.0048546450246891
LoUPCP,0.1,leaf,set_size_mean,1.5586919431279618,0.0116197107085079
LoUPCP,0.1,leaf,set_size_median,1.0,0.0
LoUPCP,0.1,leaf,empty_rate,0.0009952606635065,0.0003411468394905
LoUPCP,0.1,leaf,singleton_rate,0.630018957345971,0.0035391895931885
LoUPCP,0.1,leaf,top1_acc_non_empty,0.7238101932446809,0.0029967514149523
LoUPCP,0.1,leaf,base_top1_acc,0.7230900473933645,0.0030608696891871
LoUPCP,0.1,leaf,hir,,
LoUPCP,0.15,family,coverage,0.951453396524486,0.0031715043187477
LoUPCP,0.15,family,set_size_mean,1.0331943127962082,0.0027637865556807
LoUPCP,0.15,family,set_size_median,1.0,0.0
LoUPCP,0.15,family,empty_rate,0.0107551342812,0.0019559907166735
LoUPCP,0.15,family,singleton_rate,0.94529541864139,0.0019343099987378
LoUPCP,0.15,family,top1_acc_non_empty,0.9465993336439436,0.0023198820781942
LoUPCP,0.15,family,base_top1_acc,0.9429921011058447,0.00240603786588
LoUPCP,0.15,family,hir,0.0,0.0
LoUPCP,0.15,major,coverage,0.873769352290679,0.0046768031714932
LoUPCP,0.15,major,set_size_mean,1.14554186413902,0.0070193513562378
LoUPCP,0.15,major,set_size_median,1.0,0.0
LoUPCP,0.15,major,empty_rate,0.0107551342812,0.0019559907166735
LoUPCP,0.15,major,singleton_rate,0.8385750394944705,0.0035039285445477
LoUPCP,0.15,major,top1_acc_non_empty,0.8280829635128478,0.0023509088704695
LoUPCP,0.15,major,base_top1_acc,0.8208120063191149,0.0029861512821388
LoUPCP,0.15,major,hir,,
LoUPCP,0.15,leaf,coverage,0.8494913112164294,0.0061383235709627
LoUPCP,0.15,leaf,set_size_mean,1.3255639810426536,0.0102812121845442
LoUPCP,0.15,leaf,set_size_median,1.0,0.0
LoUPCP,0.15,leaf,empty_rate,0.0107551342812,0.0019559907166735
LoUPCP,0.15,leaf,singleton_rate,0.7099399684044231,0.0044416325805313
LoUPCP,0.15,leaf,top1_acc_non_empty,0.7296241444877842,0.0024829338096181
LoUPCP,0.15,leaf,base_top1_acc,0.7230900473933645,0.0030608696891871
LoUPCP,0.15,leaf,hir,,
LoUPCP,0.2,family,coverage,0.9370774091627168,0.0050513866413456
LoUPCP,0.2,family,set_size_mean,1.0163033175355447,0.0046453370635138
LoUPCP,0.2,family,set_size_median,1.0,0.0
LoUPCP,0.2,family,empty_rate,0.0246508688783566,0.0039312810443659
LoUPCP,0.2,family,singleton_rate,0.9343949447077406,0.003599485383595
LoUPCP,0.2,family,top1_acc_non_empty,0.9463289726911024,0.002366474617611
LoUPCP,0.2,family,base_top1_acc,0.9429921011058447,0.00240603786588
LoUPCP,0.2,family,hir,0.0,0.0
LoUPCP,0.2,major,coverage,0.858679304897314,0.0049571304350804
LoUPCP,0.2,major,set_size_mean,1.0994375987361764,0.0091606135709615
LoUPCP,0.2,major,set_size_median,1.0,0.0
LoUPCP,0.2,major,empty_rate,0.0246508688783566,0.0039312810443659
LoUPCP,0.2,major,singleton_rate,0.8529067930489728,0.0029954223371891
LoUPCP,0.2,major,top1_acc_non_empty,0.8356368031270136,0.002343724608711
LoUPCP,0.2,major,base_top1_acc,0.8208120063191149,0.0029861512821388
LoUPCP,0.2,major,hir,,
LoUPCP,0.2,leaf,coverage,0.7986161137440755,0.0074048385629156
LoUPCP,0.2,leaf,set_size_mean,1.1860505529225904,0.0166543198324734
LoUPCP,0.2,leaf,set_size_median,1.0,0.0
LoUPCP,0.2,leaf,empty_rate,0.0246508688783566,0.0039312810443659
LoUPCP,0.2,leaf,singleton_rate,0.76972195892575,0.0089185853034389
LoUPCP,0.2,leaf,top1_acc_non_empty,0.7364129395580455,0.0024054130695755
LoUPCP,0.2,leaf,base_top1_acc,0.7230900473933645,0.0030608696891871
LoUPCP,0.2,leaf,hir,,
LoUPCP,0.25,family,coverage,0.8751785150078986,0.0076311217022047
LoUPCP,0.25,family,set_size_mean,0.9429952606635068,0.0083151353108337
LoUPCP,0.25,family,set_size_median,1.0,0.0
LoUPCP,0.25,family,empty_rate,0.0869984202211685,0.0068241497314822
LoUPCP,0.25,family,singleton_rate,0.8830078988941544,0.0055517171144697
LoUPCP,0.25,family,top1_acc_non_empty,0.9481281053338594,0.002199822744524
LoUPCP,0.25,family,base_top1_acc,0.9429921011058447,0.00240603786588
LoUPCP,0.25,family,hir,0.0,0.0
LoUPCP,0.25,major,coverage,0.8053838862559239,0.0077001028909592
LoUPCP,0.25,major,set_size_mean,0.9793396524486568,0.0104386619730205
LoUPCP,0.25,major,set_size_median,1.0,0.0
LoUPCP,0.25,major,empty_rate,0.0869984202211685,0.0068241497314822
LoUPCP,0.25,major,singleton_rate,0.8466635071090045,0.0045177018633806
LoUPCP,0.25,major,top1_acc_non_empty,0.857184244872069,0.0023692525877816
LoUPCP,0.25,major,base_top1_acc,0.8208120063191149,0.0029861512821388
LoUPCP,0.25,major,hir,,
LoUPCP,0.25,leaf,coverage,0.7479431279620848,0.0051238659205135
LoUPCP,0.25,leaf,set_size_mean,1.0112701421800945,0.0121012485269812
LoUPCP,0.25,leaf,set_size_median,1.0,0.0
LoUPCP,0.25,leaf,empty_rate,0.0869984202211685,0.0068241497314822
LoUPCP,0.25,leaf,singleton_rate,0.8148625592417059,0.0042088266710063
LoUPCP,0.25,leaf,top1_acc_non_empty,0.7754635534414391,0.0031319702834554
LoUPCP,0.25,leaf,base_top1_acc,0.7230900473933645,0.0030608696891871
LoUPCP,0.25,leaf,hir,,
LoUPCP,0.3,family,coverage,0.788341232227488,0.0060027353270892
LoUPCP,0.3,family,set_size_mean,0.8325908372827802,0.0066073208721926
LoUPCP,0.3,family,set_size_median,1.0,0.0
LoUPCP,0.3,family,empty_rate,0.1790932069510264,0.0050749619350547
LoUPCP,0.3,family,singleton_rate,0.8092227488151654,0.0038677944267012
LoUPCP,0.3,family,top1_acc_non_empty,0.9554745773998512,0.0019928148841512
LoUPCP,0.3,family,base_top1_acc,0.9429921011058447,0.00240603786588
LoUPCP,0.3,family,hir,0.0,0.0
LoUPCP,0.3,major,coverage,0.724587677725118,0.0059760128615167
LoUPCP,0.3,major,set_size_mean,0.8394502369668243,0.0076037344737256
LoUPCP,0.3,major,set_size_median,1.0,0.0
LoUPCP,0.3,major,empty_rate,0.1790932069510264,0.0050749619350547
LoUPCP,0.3,major,singleton_rate,0.8023633491311212,0.0032156354368661
LoUPCP,0.3,major,top1_acc_non_empty,0.8742349911429489,0.0024809921750806
LoUPCP,0.3,major,base_top1_acc,0.8208120063191149,0.0029861512821388
LoUPCP,0.3,major,hir,,
LoUPCP,0.3,leaf,coverage,0.6973175355450233,0.0059466844983481
LoUPCP,0.3,leaf,set_size_mean,0.8453428120063187,0.0079998379560481
LoUPCP,0.3,leaf,set_size_median,1.0,0.0
LoUPCP,0.3,leaf,empty_rate,0.1790932069510264,0.0050749619350547
LoUPCP,0.3,leaf,singleton_rate,0.7964707740916269,0.0030590803730385
LoUPCP,0.3,leaf,top1_acc_non_empty,0.836517080775281,0.0026730240189115
LoUPCP,0.3,leaf,base_top1_acc,0.7230900473933645,0.0030608696891871
LoUPCP,0.3,leaf,hir,,
LoUPCP,0.35,family,coverage,0.7116240126382302,0.0057965833428115
LoUPCP,0.35,family,set_size_mean,0.7335197472353867,0.0060011815387392
LoUPCP,0.35,family,set_size_median,1.0,0.0
LoUPCP,0.35,family,empty_rate,0.2664802527646124,0.0060011815387391
LoUPCP,0.35,family,singleton_rate,0.7335197472353867,0.0060011815387392
LoUPCP,0.35,family,top1_acc_non_empty,0.9701515439530952,0.0017200224607121
LoUPCP,0.35,family,base_top1_acc,0.9429921011058447,0.00240603786588
LoUPCP,0.35,family,hir,0.0,0.0
LoUPCP,0.35,major,coverage,0.6636145339652445,0.0050137572169407
LoUPCP,0.35,major,set_size_mean,0.7335197472353867,0.0060011815387392
LoUPCP,0.35,major,set_size_median,1.0,0.0
LoUPCP,0.35,major,empty_rate,0.2664802527646124,0.0060011815387391
LoUPCP,0.35,major,singleton_rate,0.7335197472353867,0.0060011815387392
LoUPCP,0.35,major,top1_acc_non_empty,0.9047057564268738,0.0021270094598853
LoUPCP,0.35,major,base_top1_acc,0.8208120063191149,0.0029861512821388
LoUPCP,0.35,major,hir,,
LoUPCP,0.35,leaf,coverage,0.6471437598736174,0.0050269105682239
LoUPCP,0.35,leaf,set_size_mean,0.7335197472353867,0.0060011815387392
LoUPCP,0.35,leaf,set_size_median,1.0,0.0
LoUPCP,0.35,leaf,empty_rate,0.2664802527646124,0.0060011815387391
LoUPCP,0.35,leaf,singleton_rate,0.7335197472353867,0.0060011815387392
LoUPCP,0.35,leaf,top1_acc_non_empty,0.8822504033490202,0.002348395228849
LoUPCP,0.35,leaf,base_top1_acc,0.7230900473933645,0.0030608696891871
LoUPCP,0.35,leaf,hir,,
LoUPCP,0.4,family,coverage,0.6251469194312792,0.0079005504921033
LoUPCP,0.4,family,set_size_mean,0.6347109004739333,0.0081713989715116
LoUPCP,0.4,family,set_size_median,1.0,0.0
LoUPCP,0.4,family,empty_rate,0.3652890995260659,0.0081713989715115
LoUPCP,0.4,family,singleton_rate,0.6347109004739333,0.0081713989715116
LoUPCP,0.4,family,top1_acc_non_empty,0.9849355448086338,0.0013650192611699
LoUPCP,0.4,family,base_top1_acc,0.9429921011058447,0.00240603786588
LoUPCP,0.4,family,hir,0.0,0.0
LoUPCP,0.4,major,coverage,0.6054502369668243,0.0059518006735776
LoUPCP,0.4,major,set_size_mean,0.6347109004739333,0.0081713989715116
LoUPCP,0.4,major,set_size_median,1.0,0.0
LoUPCP,0.4,major,empty_rate,0.3652890995260659,0.0081713989715115
LoUPCP,0.4,major,singleton_rate,0.6347109004739333,0.0081713989715116
LoUPCP,0.4,major,top1_acc_non_empty,0.9539370041402816,0.0032674588049415
LoUPCP,0.4,major,base_top1_acc,0.8208120063191149,0.0029861512821388
LoUPCP,0.4,major,hir,,
LoUPCP,0.4,leaf,coverage,0.5973712480252761,0.0059177736792544
LoUPCP,0.4,leaf,set_size_mean,0.6347109004739333,0.0081713989715116
LoUPCP,0.4,leaf,set_size_median,1.0,0.0
LoUPCP,0.4,leaf,empty_rate,0.3652890995260659,0.0081713989715115
LoUPCP,0.4,leaf,singleton_rate,0.6347109004739333,0.0081713989715116
LoUPCP,0.4,leaf,top1_acc_non_empty,0.94120776226878,0.0033890563642003
LoUPCP,0.4,leaf,base_top1_acc,0.7230900473933645,0.0030608696891871
LoUPCP,0.4,leaf,hir,,
LoUPCP,0.45,family,coverage,0.5552606635071087,0.0072162723921543
LoUPCP,0.45,family,set_size_mean,0.559630331753554,0.0073382773361501
LoUPCP,0.45,family,set_size_median,1.0,0.0
LoUPCP,0.45,family,empty_rate,0.4403696682464451,0.0073382773361501
LoUPCP,0.45,family,singleton_rate,0.559630331753554,0.0073382773361501
LoUPCP,0.45,family,top1_acc_non_empty,0.9921936542174556,0.0008032748742586
LoUPCP,0.45,family,base_top1_acc,0.9429921011058447,0.00240603786588
LoUPCP,0.45,family,hir,0.0,0.0
LoUPCP,0.45,major,coverage,0.5497061611374404,0.0067658721996992
LoUPCP,0.45,major,set_size_mean,0.559630331753554,0.0073382773361501
LoUPCP,0.45,major,set_size_median,1.0,0.0
LoUPCP,0.45,major,empty_rate,0.4403696682464451,0.0073382773361501
LoUPCP,0.45,major,singleton_rate,0.559630331753554,0.0073382773361501
LoUPCP,0.45,major,top1_acc_non_empty,0.9822776687248348,0.0015432784421694
LoUPCP,0.45,major,base_top1_acc,0.8208120063191149,0.0029861512821388
LoUPCP,0.45,major,hir,,
LoUPCP,0.45,leaf,coverage,0.5479020537124799,0.0067359602920898
LoUPCP,0.45,leaf,set_size_mean,0.559630331753554,0.0073382773361501
LoUPCP,0.45,leaf,set_size_median,1.0,0.0
LoUPCP,0.45,leaf,empty_rate,0.4403696682464451,0.0073382773361501
LoUPCP,0.45,leaf,singleton_rate,0.559630331753554,0.0073382773361501
LoUPCP,0.45,leaf,top1_acc_non_empty,0.979054105720398,0.00158248715257
LoUPCP,0.45,leaf,base_top1_acc,0.7230900473933645,0.0030608696891871
LoUPCP,0.45,leaf,hir,,
LoUPCP,0.5,family,coverage,0.5016050552922586,0.0069433552732468
LoUPCP,0.5,family,set_size_mean,0.5041611374407577,0.0069035010610025
LoUPCP,0.5,family,set_size_median,0.76,0.4194262358829486
LoUPCP,0.5,family,empty_rate,0.4958388625592412,0.0069035010610025
LoUPCP,0.5,family,singleton_rate,0.5041611374407577,0.0069035010610025
LoUPCP,0.5,family,top1_acc_non_empty,0.9949283400590544,0.0008456807398455
LoUPCP,0.5,family,base_top1_acc,0.9429921011058447,0.00240603786588
LoUPCP,0.5,family,hir,0.0,0.0
LoUPCP,0.5,major,coverage,0.4989668246445494,0.0067682393040037
LoUPCP,0.5,major,set_size_mean,0.5041611374407577,0.0069035010610025
LoUPCP,0.5,major,set_size_median,0.76,0.4194262358829486
LoUPCP,0.5,major,empty_rate,0.4958388625592412,0.0069035010610025
LoUPCP,0.5,major,singleton_rate,0.5041611374407577,0.0069035010610025
LoUPCP,0.5,major,top1_acc_non_empty,0.989699326203412,0.0010510584289934
LoUPCP,0.5,major,base_top1_acc,0.8208120063191149,0.0029861512821388
LoUPCP,0.5,major,hir,,
LoUPCP,0.5,leaf,coverage,0.4984676145339649,0.0067408703288288
LoUPCP,0.5,leaf,set_size_mean,0.5041611374407577,0.0069035010610025
LoUPCP,0.5,leaf,set_size_median,0.76,0.4194262358829486
LoUPCP,0.5,leaf,empty_rate,0.4958388625592412,0.0069035010610025
LoUPCP,0.5,leaf,singleton_rate,0.5041611374407577,0.0069035010610025
LoUPCP,0.5,leaf,top1_acc_non_empty,0.9887097559775552,0.0010867793303859
LoUPCP,0.5,leaf,base_top1_acc,0.7230900473933645,0.0030608696891871
LoUPCP,0.5,leaf,hir,,
